From File,To File,References
src\java\com\gliffy\restunit\BodyCall.java,src\java\com\gliffy\restunit\http\ContentType.java,2
src\java\com\gliffy\restunit\BodyCall.java,src\java\com\gliffy\restunit\RestCall.java,1
src\java\com\gliffy\restunit\BodyResponse.java,src\java\com\gliffy\restunit\http\ContentType.java,2
src\java\com\gliffy\restunit\BodyResponse.java,src\java\com\gliffy\restunit\RestCallResponse.java,1
src\java\com\gliffy\restunit\comparator\HeaderComparator.java,src\java\com\gliffy\restunit\comparator\ComparisonResult.java,12
src\java\com\gliffy\restunit\comparator\HeaderComparator.java,src\java\com\gliffy\restunit\comparator\ResultComparator.java,1
src\java\com\gliffy\restunit\comparator\HeaderComparator.java,src\java\com\gliffy\restunit\http\HttpResponse.java,3
src\java\com\gliffy\restunit\comparator\HeaderComparator.java,src\java\com\gliffy\restunit\RestCallResponse.java,6
src\java\com\gliffy\restunit\comparator\ResultComparator.java,src\java\com\gliffy\restunit\comparator\ComparisonResult.java,1
src\java\com\gliffy\restunit\comparator\ResultComparator.java,src\java\com\gliffy\restunit\http\HttpResponse.java,1
src\java\com\gliffy\restunit\comparator\ResultComparator.java,src\java\com\gliffy\restunit\RestCallResponse.java,1
src\java\com\gliffy\restunit\comparator\StatusComparator.java,src\java\com\gliffy\restunit\comparator\ComparisonResult.java,4
src\java\com\gliffy\restunit\comparator\StatusComparator.java,src\java\com\gliffy\restunit\comparator\ResultComparator.java,1
src\java\com\gliffy\restunit\comparator\StatusComparator.java,src\java\com\gliffy\restunit\http\HttpResponse.java,3
src\java\com\gliffy\restunit\comparator\StatusComparator.java,src\java\com\gliffy\restunit\RestCallResponse.java,3
src\java\com\gliffy\restunit\comparator\StrictMatchComparator.java,src\java\com\gliffy\restunit\BodyResponse.java,5
src\java\com\gliffy\restunit\comparator\StrictMatchComparator.java,src\java\com\gliffy\restunit\comparator\ComparisonResult.java,8
src\java\com\gliffy\restunit\comparator\StrictMatchComparator.java,src\java\com\gliffy\restunit\comparator\HeaderComparator.java,3
src\java\com\gliffy\restunit\comparator\StrictMatchComparator.java,src\java\com\gliffy\restunit\comparator\ResultComparator.java,1
src\java\com\gliffy\restunit\comparator\StrictMatchComparator.java,src\java\com\gliffy\restunit\comparator\StatusComparator.java,3
src\java\com\gliffy\restunit\comparator\StrictMatchComparator.java,src\java\com\gliffy\restunit\http\ContentType.java,14
src\java\com\gliffy\restunit\comparator\StrictMatchComparator.java,src\java\com\gliffy\restunit\http\HttpResponse.java,3
src\java\com\gliffy\restunit\comparator\StrictMatchComparator.java,src\java\com\gliffy\restunit\RestCallResponse.java,4
src\java\com\gliffy\restunit\Executor.java,src\java\com\gliffy\restunit\comparator\ComparisonResult.java,3
src\java\com\gliffy\restunit\Executor.java,src\java\com\gliffy\restunit\comparator\ResultComparator.java,4
src\java\com\gliffy\restunit\Executor.java,src\java\com\gliffy\restunit\comparator\StrictMatchComparator.java,1
src\java\com\gliffy\restunit\Executor.java,src\java\com\gliffy\restunit\http\Http.java,8
src\java\com\gliffy\restunit\Executor.java,src\java\com\gliffy\restunit\http\HttpRequest.java,2
src\java\com\gliffy\restunit\Executor.java,src\java\com\gliffy\restunit\http\HttpRequestFactory.java,6
src\java\com\gliffy\restunit\Executor.java,src\java\com\gliffy\restunit\http\HttpResponse.java,2
src\java\com\gliffy\restunit\Executor.java,src\java\com\gliffy\restunit\RestCall.java,12
src\java\com\gliffy\restunit\Executor.java,src\java\com\gliffy\restunit\RestCallResponse.java,1
src\java\com\gliffy\restunit\Executor.java,src\java\com\gliffy\restunit\RestCallResult.java,20
src\java\com\gliffy\restunit\Executor.java,src\java\com\gliffy\restunit\Result.java,5
src\java\com\gliffy\restunit\GetCall.java,src\java\com\gliffy\restunit\RestCall.java,1
src\java\com\gliffy\restunit\http\Http.java,src\java\com\gliffy\restunit\http\HttpRequest.java,5
src\java\com\gliffy\restunit\http\Http.java,src\java\com\gliffy\restunit\http\HttpResponse.java,5
src\java\com\gliffy\restunit\http\HttpRequestFactory.java,src\java\com\gliffy\restunit\BodyCall.java,7
src\java\com\gliffy\restunit\http\HttpRequestFactory.java,src\java\com\gliffy\restunit\http\HttpRequest.java,9
src\java\com\gliffy\restunit\http\HttpRequestFactory.java,src\java\com\gliffy\restunit\RestCall.java,6
src\java\com\gliffy\restunit\http\JavaHttp.java,src\java\com\gliffy\restunit\http\Http.java,1
src\java\com\gliffy\restunit\http\JavaHttp.java,src\java\com\gliffy\restunit\http\HttpRequest.java,13
src\java\com\gliffy\restunit\http\JavaHttp.java,src\java\com\gliffy\restunit\http\HttpResponse.java,18
src\java\com\gliffy\restunit\RestCall.java,src\java\com\gliffy\restunit\RestCallResponse.java,5
src\java\com\gliffy\restunit\RestCall.java,src\java\com\gliffy\restunit\SSLRequirement.java,3
src\java\com\gliffy\restunit\RestCallResult.java,src\java\com\gliffy\restunit\http\HttpResponse.java,3
src\java\com\gliffy\restunit\RestCallResult.java,src\java\com\gliffy\restunit\RestCall.java,4
src\java\com\gliffy\restunit\RestCallResult.java,src\java\com\gliffy\restunit\Result.java,5
src\java\com\gliffy\restunit\RestTest.java,src\java\com\gliffy\restunit\RestCall.java,4
src\java\com\gliffy\restunit\RestTestResult.java,src\java\com\gliffy\restunit\RestCallResult.java,5
src\java\com\gliffy\restunit\RestUnit.java,src\java\com\gliffy\restunit\Executor.java,7
src\java\com\gliffy\restunit\RestUnit.java,src\java\com\gliffy\restunit\RestCall.java,3
src\java\com\gliffy\restunit\RestUnit.java,src\java\com\gliffy\restunit\RestCallResult.java,4
src\java\com\gliffy\restunit\RestUnit.java,src\java\com\gliffy\restunit\RestTest.java,5
src\java\com\gliffy\restunit\RestUnit.java,src\java\com\gliffy\restunit\RestTestResult.java,5
src\java\com\gliffy\restunit\RestUnit.java,src\java\com\gliffy\restunit\Result.java,1
src\java\com\gliffy\restunit\ResultFormatter.java,src\java\com\gliffy\restunit\RestCall.java,3
src\java\com\gliffy\restunit\ResultFormatter.java,src\java\com\gliffy\restunit\RestCallResult.java,9
src\java\com\gliffy\restunit\ResultFormatter.java,src\java\com\gliffy\restunit\RestTestResult.java,2
src\java\com\gliffy\restunit\ResultFormatter.java,src\java\com\gliffy\restunit\Result.java,4
src\java\com\gliffy\restunit\TestNGRestUnit.java,src\java\com\gliffy\restunit\RestTest.java,4
src\java\com\gliffy\restunit\TestNGRestUnit.java,src\java\com\gliffy\restunit\RestTestResult.java,2
src\java\com\gliffy\restunit\TestNGRestUnit.java,src\java\com\gliffy\restunit\RestUnit.java,4
src\java\com\gliffy\restunit\TestNGRestUnit.java,src\java\com\gliffy\restunit\ResultFormatter.java,5
test\src\java\com\gliffy\test\restunit\CallFactory.java,src\java\com\gliffy\restunit\BodyCall.java,4
test\src\java\com\gliffy\test\restunit\CallFactory.java,src\java\com\gliffy\restunit\BodyResponse.java,14
test\src\java\com\gliffy\test\restunit\CallFactory.java,src\java\com\gliffy\restunit\GetCall.java,11
test\src\java\com\gliffy\test\restunit\CallFactory.java,src\java\com\gliffy\restunit\http\ContentType.java,15
test\src\java\com\gliffy\test\restunit\CallFactory.java,src\java\com\gliffy\restunit\http\HttpResponse.java,7
test\src\java\com\gliffy\test\restunit\CallFactory.java,src\java\com\gliffy\restunit\RestCall.java,47
test\src\java\com\gliffy\test\restunit\CallFactory.java,src\java\com\gliffy\restunit\RestCallResponse.java,30
test\src\java\com\gliffy\test\restunit\CallFactory.java,src\java\com\gliffy\restunit\RestCallResult.java,7
test\src\java\com\gliffy\test\restunit\CallFactory.java,src\java\com\gliffy\restunit\Result.java,1
test\src\java\com\gliffy\test\restunit\CallFactory.java,src\java\com\gliffy\restunit\SSLRequirement.java,2
test\src\java\com\gliffy\test\restunit\comparator\TestHeaderComparator.java,src\java\com\gliffy\restunit\comparator\ComparisonResult.java,4
test\src\java\com\gliffy\test\restunit\comparator\TestHeaderComparator.java,src\java\com\gliffy\restunit\comparator\HeaderComparator.java,3
test\src\java\com\gliffy\test\restunit\comparator\TestHeaderComparator.java,src\java\com\gliffy\restunit\http\HttpResponse.java,8
test\src\java\com\gliffy\test\restunit\comparator\TestHeaderComparator.java,src\java\com\gliffy\restunit\RestCallResponse.java,8
test\src\java\com\gliffy\test\restunit\comparator\TestHeaderComparator.java,test\src\java\com\gliffy\test\restunit\CallFactory.java,15
test\src\java\com\gliffy\test\restunit\comparator\TestStatusComparator.java,src\java\com\gliffy\restunit\comparator\ComparisonResult.java,4
test\src\java\com\gliffy\test\restunit\comparator\TestStatusComparator.java,src\java\com\gliffy\restunit\comparator\StatusComparator.java,3
test\src\java\com\gliffy\test\restunit\comparator\TestStatusComparator.java,src\java\com\gliffy\restunit\http\HttpResponse.java,7
test\src\java\com\gliffy\test\restunit\comparator\TestStatusComparator.java,src\java\com\gliffy\restunit\RestCallResponse.java,1
test\src\java\com\gliffy\test\restunit\comparator\TestStatusComparator.java,test\src\java\com\gliffy\test\restunit\CallFactory.java,8
test\src\java\com\gliffy\test\restunit\comparator\TestStrictMatchComparator.java,src\java\com\gliffy\restunit\BodyResponse.java,6
test\src\java\com\gliffy\test\restunit\comparator\TestStrictMatchComparator.java,src\java\com\gliffy\restunit\comparator\ComparisonResult.java,4
test\src\java\com\gliffy\test\restunit\comparator\TestStrictMatchComparator.java,src\java\com\gliffy\restunit\comparator\StrictMatchComparator.java,3
test\src\java\com\gliffy\test\restunit\comparator\TestStrictMatchComparator.java,src\java\com\gliffy\restunit\http\HttpResponse.java,10
test\src\java\com\gliffy\test\restunit\comparator\TestStrictMatchComparator.java,src\java\com\gliffy\restunit\RestCallResponse.java,2
test\src\java\com\gliffy\test\restunit\comparator\TestStrictMatchComparator.java,test\src\java\com\gliffy\test\restunit\CallFactory.java,12
test\src\java\com\gliffy\test\restunit\http\MockHttp.java,src\java\com\gliffy\restunit\http\Http.java,6
test\src\java\com\gliffy\test\restunit\http\MockHttp.java,src\java\com\gliffy\restunit\http\HttpRequest.java,20
test\src\java\com\gliffy\test\restunit\http\MockHttp.java,src\java\com\gliffy\restunit\http\HttpResponse.java,15
test\src\java\com\gliffy\test\restunit\http\MockHttp.java,test\src\java\com\gliffy\test\restunit\http\RESTTree.java,33
test\src\java\com\gliffy\test\restunit\http\MockHttp.java,test\src\java\com\gliffy\test\restunit\http\RESTTreeHttp.java,10
test\src\java\com\gliffy\test\restunit\http\RESTTree.java,src\java\com\gliffy\restunit\http\Http.java,4
test\src\java\com\gliffy\test\restunit\http\RESTTree.java,src\java\com\gliffy\restunit\http\HttpRequest.java,2
test\src\java\com\gliffy\test\restunit\http\RESTTree.java,src\java\com\gliffy\restunit\http\HttpResponse.java,1
test\src\java\com\gliffy\test\restunit\http\RESTTree.java,test\src\java\com\gliffy\test\restunit\http\RESTTreeHttp.java,2
test\src\java\com\gliffy\test\restunit\http\RESTTreeHttp.java,src\java\com\gliffy\restunit\http\Http.java,1
test\src\java\com\gliffy\test\restunit\http\RESTTreeHttp.java,src\java\com\gliffy\restunit\http\HttpRequest.java,10
test\src\java\com\gliffy\test\restunit\http\RESTTreeHttp.java,src\java\com\gliffy\restunit\http\HttpResponse.java,23
test\src\java\com\gliffy\test\restunit\http\RESTTreeHttp.java,src\java\com\gliffy\restunit\RestCallResponse.java,2
test\src\java\com\gliffy\test\restunit\http\TestContentType.java,src\java\com\gliffy\restunit\http\ContentType.java,11
test\src\java\com\gliffy\test\restunit\http\TestMockHttp.java,src\java\com\gliffy\restunit\http\HttpRequest.java,15
test\src\java\com\gliffy\test\restunit\http\TestMockHttp.java,src\java\com\gliffy\restunit\http\HttpResponse.java,14
test\src\java\com\gliffy\test\restunit\http\TestMockHttp.java,test\src\java\com\gliffy\test\restunit\http\MockHttp.java,15
test\src\java\com\gliffy\test\restunit\servlet\TestHttps.java,src\java\com\gliffy\restunit\Executor.java,13
test\src\java\com\gliffy\test\restunit\servlet\TestHttps.java,src\java\com\gliffy\restunit\http\Http.java,11
test\src\java\com\gliffy\test\restunit\servlet\TestHttps.java,src\java\com\gliffy\restunit\http\HttpRequest.java,14
test\src\java\com\gliffy\test\restunit\servlet\TestHttps.java,src\java\com\gliffy\restunit\http\HttpResponse.java,24
test\src\java\com\gliffy\test\restunit\servlet\TestHttps.java,src\java\com\gliffy\restunit\http\JavaHttp.java,1
test\src\java\com\gliffy\test\restunit\servlet\TestHttps.java,src\java\com\gliffy\restunit\RestCall.java,12
test\src\java\com\gliffy\test\restunit\servlet\TestHttps.java,src\java\com\gliffy\restunit\RestCallResponse.java,1
test\src\java\com\gliffy\test\restunit\servlet\TestHttps.java,src\java\com\gliffy\restunit\RestTest.java,37
test\src\java\com\gliffy\test\restunit\servlet\TestHttps.java,src\java\com\gliffy\restunit\RestTestResult.java,6
test\src\java\com\gliffy\test\restunit\servlet\TestHttps.java,src\java\com\gliffy\restunit\RestUnit.java,30
test\src\java\com\gliffy\test\restunit\servlet\TestHttps.java,test\src\java\com\gliffy\test\restunit\CallFactory.java,14
test\src\java\com\gliffy\test\restunit\servlet\TestHttps.java,test\src\java\com\gliffy\test\restunit\TestAssertions.java,1
test\src\java\com\gliffy\test\restunit\TestAssertions.java,src\java\com\gliffy\restunit\RestCallResponse.java,10
test\src\java\com\gliffy\test\restunit\TestClone.java,src\java\com\gliffy\restunit\GetCall.java,12
test\src\java\com\gliffy\test\restunit\TestClone.java,src\java\com\gliffy\restunit\RestCall.java,26
test\src\java\com\gliffy\test\restunit\TestClone.java,test\src\java\com\gliffy\test\restunit\CallFactory.java,2
test\src\java\com\gliffy\test\restunit\TestExecutor.java,src\java\com\gliffy\restunit\BodyResponse.java,2
test\src\java\com\gliffy\test\restunit\TestExecutor.java,src\java\com\gliffy\restunit\Executor.java,40
test\src\java\com\gliffy\test\restunit\TestExecutor.java,src\java\com\gliffy\restunit\http\Http.java,14
test\src\java\com\gliffy\test\restunit\TestExecutor.java,src\java\com\gliffy\restunit\http\HttpRequest.java,1
test\src\java\com\gliffy\test\restunit\TestExecutor.java,src\java\com\gliffy\restunit\http\HttpResponse.java,29
test\src\java\com\gliffy\test\restunit\TestExecutor.java,src\java\com\gliffy\restunit\RestCall.java,58
test\src\java\com\gliffy\test\restunit\TestExecutor.java,src\java\com\gliffy\restunit\RestCallResponse.java,12
test\src\java\com\gliffy\test\restunit\TestExecutor.java,src\java\com\gliffy\restunit\RestCallResult.java,17
test\src\java\com\gliffy\test\restunit\TestExecutor.java,src\java\com\gliffy\restunit\Result.java,15
test\src\java\com\gliffy\test\restunit\TestExecutor.java,test\src\java\com\gliffy\test\restunit\CallFactory.java,24
test\src\java\com\gliffy\test\restunit\TestRestUnit.java,src\java\com\gliffy\restunit\BodyCall.java,10
test\src\java\com\gliffy\test\restunit\TestRestUnit.java,src\java\com\gliffy\restunit\BodyResponse.java,9
test\src\java\com\gliffy\test\restunit\TestRestUnit.java,src\java\com\gliffy\restunit\Executor.java,2
test\src\java\com\gliffy\test\restunit\TestRestUnit.java,src\java\com\gliffy\restunit\GetCall.java,3
test\src\java\com\gliffy\test\restunit\TestRestUnit.java,src\java\com\gliffy\restunit\http\ContentType.java,6
test\src\java\com\gliffy\test\restunit\TestRestUnit.java,src\java\com\gliffy\restunit\RestCall.java,18
test\src\java\com\gliffy\test\restunit\TestRestUnit.java,src\java\com\gliffy\restunit\RestCallResponse.java,14
test\src\java\com\gliffy\test\restunit\TestRestUnit.java,src\java\com\gliffy\restunit\RestCallResult.java,17
test\src\java\com\gliffy\test\restunit\TestRestUnit.java,src\java\com\gliffy\restunit\RestTest.java,15
test\src\java\com\gliffy\test\restunit\TestRestUnit.java,src\java\com\gliffy\restunit\RestTestResult.java,6
test\src\java\com\gliffy\test\restunit\TestRestUnit.java,src\java\com\gliffy\restunit\RestUnit.java,7
test\src\java\com\gliffy\test\restunit\TestRestUnit.java,src\java\com\gliffy\restunit\Result.java,5
test\src\java\com\gliffy\test\restunit\TestRestUnit.java,test\src\java\com\gliffy\test\restunit\http\MockHttp.java,4
test\src\java\com\gliffy\test\restunit\TestTestNGTest.java,src\java\com\gliffy\restunit\BodyCall.java,10
test\src\java\com\gliffy\test\restunit\TestTestNGTest.java,src\java\com\gliffy\restunit\BodyResponse.java,9
test\src\java\com\gliffy\test\restunit\TestTestNGTest.java,src\java\com\gliffy\restunit\Executor.java,2
test\src\java\com\gliffy\test\restunit\TestTestNGTest.java,src\java\com\gliffy\restunit\GetCall.java,3
test\src\java\com\gliffy\test\restunit\TestTestNGTest.java,src\java\com\gliffy\restunit\http\ContentType.java,6
test\src\java\com\gliffy\test\restunit\TestTestNGTest.java,src\java\com\gliffy\restunit\http\Http.java,1
test\src\java\com\gliffy\test\restunit\TestTestNGTest.java,src\java\com\gliffy\restunit\RestCall.java,16
test\src\java\com\gliffy\test\restunit\TestTestNGTest.java,src\java\com\gliffy\restunit\RestCallResponse.java,14
test\src\java\com\gliffy\test\restunit\TestTestNGTest.java,src\java\com\gliffy\restunit\RestTest.java,21
test\src\java\com\gliffy\test\restunit\TestTestNGTest.java,src\java\com\gliffy\restunit\RestUnit.java,6
test\src\java\com\gliffy\test\restunit\TestTestNGTest.java,src\java\com\gliffy\restunit\TestNGRestUnit.java,2
test\src\java\com\gliffy\test\restunit\TestTestNGTest.java,test\src\java\com\gliffy\test\restunit\http\MockHttp.java,2
